{
  "project_info": {
    "project_number": "297751431004",
    "project_id": "face-detection-app-2001",
    "storage_bucket": "face-detection-app-2001.appspot.com"
  },
  "client": [
    {
      "client_info": {
        "mobilesdk_app_id": "1:297751431004:android:d30512740c517fa631e399",
        "android_client_info": {
          "package_name": "com.ashishgaike.facedetectionapp"
        }
      },
      "oauth_client": [
        {
          "client_id": "297751431004-jbtknrsdbikpv8paot5tp0q2ie69486f.apps.googleusercontent.com",
          "client_type": 3
        }
      ],
      "api_key": [
        {
          "current_key": "AIzaSyAWoZl1BebUv06PjEc5CrklDTy-Ymmjn1w"
        }
      ],
      "services": {
        "appinvite_service": {
          "other_platform_oauth_client": [
            {
              "client_id": "297751431004-jbtknrsdbikpv8paot5tp0q2ie69486f.apps.googleusercontent.com",
              "client_type": 3
            }
          ]
        }
      }
    }
  ],
  "configuration_version": "1"
}